{"OutputFileHashSum":"4BD0214F7B13414724A177DAC6D4EBCCCBF51D246020530D639125CC819A6ADA","Converted":true,"OutputModifyDate":"2020-04-14T10:22:57.6384791Z","Metadatas":[],"MetadataTypes":[{"CategoryName":"VuGen.Replay","MetadataTypeName":"HP.LR.Vugen.Iteration","Id":1},{"CategoryName":"VuGen.Replay","MetadataTypeName":"HP.LR.Vugen.NotifyTransaction","Id":2},{"CategoryName":"VuGen.Replay","MetadataTypeName":"HP.LR.Vugen.NotifyParameterSubstitution","Id":3},{"CategoryName":"VuGen.Replay","MetadataTypeName":"HP.LR.Vugen.NotifySavingParameter","Id":4},{"CategoryName":"VuGen.Replay","MetadataTypeName":"Utt.Debugger.Error","Id":5},{"CategoryName":"VuGen.Replay","MetadataTypeName":"HP.LR.Vugen.NotifyAny","Id":6}]}