[
    {
        "actionName": "Action",
        "steps": [
            {
                "stepId": "STEP1",
                "stepName": "Url: welcome.pl",
                "infFile": "t2.inf",
                "time": 1585046865496
            },
            {
                "stepId": "STEP2",
                "stepName": "Url: login.pl",
                "infFile": "t3.inf",
                "time": 1585046865920
            },
            {
                "stepId": "STEP3",
                "stepName": "Submit Data: login.pl_2",
                "infFile": "t4.inf",
                "time": 1585046866288
            },
            {
                "stepId": "STEP4",
                "stepName": "Submit Data: login.pl_3",
                "infFile": "t5.inf",
                "time": 1585046866815
            },
            {
                "stepId": "STEP5",
                "stepName": "Url: Search Flights Button",
                "infFile": "t6.inf",
                "time": 1585046867331
            },
            {
                "stepId": "STEP6",
                "stepName": "Submit Data: reservations.pl",
                "infFile": "t7.inf",
                "time": 1585046867724
            },
            {
                "stepId": "STEP7",
                "stepName": "Submit Data: reservations.pl_2",
                "infFile": "t8.inf",
                "time": 1585046868092
            },
            {
                "stepId": "STEP8",
                "stepName": "Submit Data: reservations.pl_3",
                "infFile": "t9.inf",
                "time": 1585046868507
            }
        ],
        "transactions": [
            {
                "transactionName": "1_transaction_go_to_link",
                "rawStartTime": 1585046865000,
                "rawEndTime": 1585046865498,
                "thinkTime": 0.0,
                "wastedTime": 0.2234797477722168
            },
            {
                "transactionName": "2_transaction_sign_up",
                "rawStartTime": 1585046865619,
                "rawEndTime": 1585046865922,
                "thinkTime": 0.0,
                "wastedTime": 0.06468820571899414
            },
            {
                "transactionName": "3_transaction_user_information",
                "rawStartTime": 1585046866050,
                "rawEndTime": 1585046866290,
                "thinkTime": 0.0,
                "wastedTime": 0.03818392753601074
            },
            {
                "transactionName": "4_transaction_login",
                "rawStartTime": 1585046866418,
                "rawEndTime": 1585046866817,
                "thinkTime": 0.0,
                "wastedTime": 0.0896139144897461
            },
            {
                "transactionName": "5_transaction_go_to_flights",
                "rawStartTime": 1585046866938,
                "rawEndTime": 1585046867333,
                "thinkTime": 0.0,
                "wastedTime": 0.06645321846008301
            },
            {
                "transactionName": "6_transaction_flight_information",
                "rawStartTime": 1585046867455,
                "rawEndTime": 1585046867726,
                "thinkTime": 0.0,
                "wastedTime": 0.044960975646972659
            },
            {
                "transactionName": "7_transaction_choose_flight",
                "rawStartTime": 1585046867847,
                "rawEndTime": 1585046868094,
                "thinkTime": 0.0,
                "wastedTime": 0.044342041015625
            },
            {
                "transactionName": "8_transaction_payment",
                "rawStartTime": 1585046868232,
                "rawEndTime": 1585046868509,
                "thinkTime": 0.0,
                "wastedTime": 0.05333256721496582
            },
            {
                "transactionName": "the_third",
                "rawStartTime": 1585046864914,
                "rawEndTime": 1585046868635,
                "thinkTime": 0.0,
                "wastedTime": 0.6250545978546143
            }
        ]
    }
]