[
    {
        "actionName": "Action",
        "steps": [
            {
                "stepId": "STEP1",
                "stepName": "Url: welcome.pl",
                "infFile": "t2.inf",
                "time": 1585507028316
            },
            {
                "stepId": "STEP2",
                "stepName": "Url: login.pl",
                "infFile": "t3.inf",
                "time": 1585507033780
            },
            {
                "stepId": "STEP3",
                "stepName": "Submit Data: login.pl_2",
                "infFile": "t4.inf",
                "time": 1585507039166
            },
            {
                "stepId": "STEP4",
                "stepName": "Submit Data: login.pl_3",
                "infFile": "t5.inf",
                "time": 1585507044677
            },
            {
                "stepId": "STEP5",
                "stepName": "Url: Search Flights Button",
                "infFile": "t6.inf",
                "time": 1585507050164
            },
            {
                "stepId": "STEP6",
                "stepName": "Submit Data: reservations.pl",
                "infFile": "t7.inf",
                "time": 1585507055553
            },
            {
                "stepId": "STEP7",
                "stepName": "Submit Data: reservations.pl_2",
                "infFile": "t8.inf",
                "time": 1585507060926
            },
            {
                "stepId": "STEP8",
                "stepName": "Submit Data: reservations.pl_3",
                "infFile": "t9.inf",
                "time": 1585507066330
            },
            {
                "stepId": "STEP9",
                "stepName": "Url: Itinerary Button",
                "infFile": "t10.inf",
                "time": 1585507071853
            },
            {
                "stepId": "STEP10",
                "stepName": "Url: SignOff Button",
                "infFile": "t11.inf",
                "time": 1585507077307
            }
        ],
        "transactions": [
            {
                "transactionName": "1_transaction_go_to_link",
                "rawStartTime": 1585507027838,
                "rawEndTime": 1585507028318,
                "thinkTime": 0.0,
                "wastedTime": 0.22712397575378419
            },
            {
                "transactionName": "2_transaction_go_to_sign_up",
                "rawStartTime": 1585507033494,
                "rawEndTime": 1585507033782,
                "thinkTime": 0.0,
                "wastedTime": 0.06481122970581055
            },
            {
                "transactionName": "3_transaction_user_information",
                "rawStartTime": 1585507038916,
                "rawEndTime": 1585507039168,
                "thinkTime": 0.0,
                "wastedTime": 0.04107379913330078
            },
            {
                "transactionName": "4_transaction_login",
                "rawStartTime": 1585507044305,
                "rawEndTime": 1585507044679,
                "thinkTime": 0.0,
                "wastedTime": 0.07472443580627442
            },
            {
                "transactionName": "5_transaction_go_to_flights",
                "rawStartTime": 1585507049841,
                "rawEndTime": 1585507050166,
                "thinkTime": 0.0,
                "wastedTime": 0.059035301208496097
            },
            {
                "transactionName": "6_transaction_flight_information",
                "rawStartTime": 1585507055317,
                "rawEndTime": 1585507055555,
                "thinkTime": 0.0,
                "wastedTime": 0.03965163230895996
            },
            {
                "transactionName": "7_transaction_choose_flight",
                "rawStartTime": 1585507060695,
                "rawEndTime": 1585507060928,
                "thinkTime": 0.0,
                "wastedTime": 0.041602373123168948
            },
            {
                "transactionName": "8_transaction_payment",
                "rawStartTime": 1585507066064,
                "rawEndTime": 1585507066332,
                "thinkTime": 0.0,
                "wastedTime": 0.06162881851196289
            },
            {
                "transactionName": "9_transaction_go_to_itinerary",
                "rawStartTime": 1585507071475,
                "rawEndTime": 1585507071855,
                "thinkTime": 0.0,
                "wastedTime": 0.058913469314575198
            },
            {
                "transactionName": "10_transaction_sign_off",
                "rawStartTime": 1585507077000,
                "rawEndTime": 1585507077309,
                "thinkTime": 0.0,
                "wastedTime": 0.04712080955505371
            },
            {
                "transactionName": "the_first_buy_ticket_with_all",
                "rawStartTime": 1585507027761,
                "rawEndTime": 1585507077465,
                "thinkTime": 45.003133,
                "wastedTime": 0.7156858444213867
            }
        ]
    }
]