[
    {
        "actionName": "Action",
        "steps": [
            {
                "stepId": "STEP1",
                "stepName": "Url: welcome.pl",
                "infFile": "t1.inf",
                "time": 1585500817266
            },
            {
                "stepId": "STEP2",
                "stepName": "Url: login.pl",
                "infFile": "t2.inf",
                "time": 1585500822960
            },
            {
                "stepId": "STEP3",
                "stepName": "Submit Data: login.pl_4",
                "infFile": "t3.inf",
                "time": 1585500828570
            },
            {
                "stepId": "STEP4",
                "stepName": "Url: button_next.gif",
                "infFile": "t4.inf",
                "time": 1585500834356
            },
            {
                "stepId": "STEP5",
                "stepName": "Url: Search Flights Button",
                "infFile": "t5.inf",
                "time": 1585500857159
            },
            {
                "stepId": "STEP6",
                "stepName": "Submit Data: reservations.pl",
                "infFile": "t6.inf",
                "time": 1585500862684
            }
        ],
        "transactions": [
            {
                "transactionName": "1_transaction_go_to_link",
                "rawStartTime": 1585500816745,
                "rawEndTime": 1585500817268,
                "thinkTime": 0.0,
                "wastedTime": 0.22107958793640138
            },
            {
                "transactionName": "2_transaction_sign_up",
                "rawStartTime": 1585500822460,
                "rawEndTime": 1585500822961,
                "thinkTime": 0.0,
                "wastedTime": 0.08449482917785645
            },
            {
                "transactionName": "3_transaction_user_information",
                "rawStartTime": 1585500828216,
                "rawEndTime": 1585500828572,
                "thinkTime": 0.0,
                "wastedTime": 0.03656005859375
            },
            {
                "transactionName": "4_transaction_continue",
                "rawStartTime": 1585500833744,
                "rawEndTime": 1585500834358,
                "thinkTime": 0.0,
                "wastedTime": 0.11726570129394531
            },
            {
                "transactionName": "5_transaction_go_to_flights",
                "rawStartTime": 1585500839544,
                "rawEndTime": 1585500857161,
                "thinkTime": 17.000956,
                "wastedTime": 0.10390257835388184
            },
            {
                "transactionName": "6_transaction_flight_information",
                "rawStartTime": 1585500862330,
                "rawEndTime": 1585500862686,
                "thinkTime": 0.0,
                "wastedTime": 0.04630708694458008
            },
            {
                "transactionName": "the_forth_without_buy_and_use_continue",
                "rawStartTime": 1585500816647,
                "rawEndTime": 1585500862871,
                "thinkTime": 42.002595,
                "wastedTime": 0.609609842300415
            }
        ]
    }
]