[
    {
        "actionName": "Action",
        "steps": [
            {
                "stepId": "STEP1",
                "stepName": "Url: welcome.pl",
                "infFile": "t2.inf",
                "time": 1585497907130
            },
            {
                "stepId": "STEP2",
                "stepName": "Url: login.pl",
                "infFile": "t3.inf",
                "time": 1585497912609
            },
            {
                "stepId": "STEP3",
                "stepName": "Submit Data: login.pl_2",
                "infFile": "t4.inf",
                "time": 1585497918014
            },
            {
                "stepId": "STEP4",
                "stepName": "Submit Data: login.pl_3",
                "infFile": "t5.inf",
                "time": 1585497923520
            },
            {
                "stepId": "STEP5",
                "stepName": "Url: Search Flights Button",
                "infFile": "t6.inf",
                "time": 1585497928997
            },
            {
                "stepId": "STEP6",
                "stepName": "Submit Data: reservations.pl",
                "infFile": "t7.inf",
                "time": 1585497934390
            },
            {
                "stepId": "STEP7",
                "stepName": "Submit Data: reservations.pl_2",
                "infFile": "t8.inf",
                "time": 1585497939803
            },
            {
                "stepId": "STEP8",
                "stepName": "Submit Data: reservations.pl_3",
                "infFile": "t9.inf",
                "time": 1585497945213
            },
            {
                "stepId": "STEP9",
                "stepName": "Submit Data: reservations.pl_4",
                "infFile": "t10.inf",
                "time": 1585497950611
            },
            {
                "stepId": "STEP10",
                "stepName": "Submit Data: reservations.pl_5",
                "infFile": "t11.inf",
                "time": 1585497956006
            },
            {
                "stepId": "STEP11",
                "stepName": "Submit Data: reservations.pl_6",
                "infFile": "t12.inf",
                "time": 1585497961413
            },
            {
                "stepId": "STEP12",
                "stepName": "Submit Data: reservations.pl_7",
                "infFile": "t13.inf",
                "time": 1585497966805
            },
            {
                "stepId": "STEP13",
                "stepName": "Url: Itinerary Button",
                "infFile": "t14.inf",
                "time": 1585497973609
            },
            {
                "stepId": "STEP14",
                "stepName": "Url: SignOff Button",
                "infFile": "t15.inf",
                "time": 1585497979162
            }
        ],
        "transactions": [
            {
                "transactionName": "1_transaction_go_to_link",
                "rawStartTime": 1585497906653,
                "rawEndTime": 1585497907132,
                "thinkTime": 0.0,
                "wastedTime": 0.20543980598449708
            },
            {
                "transactionName": "2_transaction_sign_up",
                "rawStartTime": 1585497912295,
                "rawEndTime": 1585497912610,
                "thinkTime": 0.0,
                "wastedTime": 0.06274700164794922
            },
            {
                "transactionName": "3_transaction_user_information",
                "rawStartTime": 1585497917757,
                "rawEndTime": 1585497918015,
                "thinkTime": 0.0,
                "wastedTime": 0.03514671325683594
            },
            {
                "transactionName": "4_transaction_login",
                "rawStartTime": 1585497923172,
                "rawEndTime": 1585497923522,
                "thinkTime": 0.0,
                "wastedTime": 0.06439757347106934
            },
            {
                "transactionName": "5_transaction_go_to_flights",
                "rawStartTime": 1585497928661,
                "rawEndTime": 1585497928999,
                "thinkTime": 0.0,
                "wastedTime": 0.05407571792602539
            },
            {
                "transactionName": "6_transaction_flight_information",
                "rawStartTime": 1585497934157,
                "rawEndTime": 1585497934392,
                "thinkTime": 0.0,
                "wastedTime": 0.04352569580078125
            },
            {
                "transactionName": "7_transaction_choose_flight",
                "rawStartTime": 1585497939570,
                "rawEndTime": 1585497939805,
                "thinkTime": 0.0,
                "wastedTime": 0.034934043884277347
            },
            {
                "transactionName": "8_transaction_payment",
                "rawStartTime": 1585497944947,
                "rawEndTime": 1585497945214,
                "thinkTime": 0.0,
                "wastedTime": 0.052610158920288089
            },
            {
                "transactionName": "9_transaction_book_another",
                "rawStartTime": 1585497950356,
                "rawEndTime": 1585497950612,
                "thinkTime": 0.0,
                "wastedTime": 0.04964566230773926
            },
            {
                "transactionName": "10_transaction_second_flight_information",
                "rawStartTime": 1585497955755,
                "rawEndTime": 1585497956008,
                "thinkTime": 0.0,
                "wastedTime": 0.042807579040527347
            },
            {
                "transactionName": "11_transaction_choose_second_flight",
                "rawStartTime": 1585497961158,
                "rawEndTime": 1585497961415,
                "thinkTime": 0.0,
                "wastedTime": 0.03911471366882324
            },
            {
                "transactionName": "12_transaction_payment",
                "rawStartTime": 1585497966551,
                "rawEndTime": 1585497966807,
                "thinkTime": 0.0,
                "wastedTime": 0.04101967811584473
            },
            {
                "transactionName": "13_transaction_itinerary",
                "rawStartTime": 1585497971952,
                "rawEndTime": 1585497973611,
                "thinkTime": 0.0,
                "wastedTime": 0.05707430839538574
            },
            {
                "transactionName": "14_transaction_sign_off",
                "rawStartTime": 1585497978837,
                "rawEndTime": 1585497979164,
                "thinkTime": 0.0,
                "wastedTime": 0.053978681564331058
            },
            {
                "transactionName": "the_second_buy_two_tickets",
                "rawStartTime": 1585497906560,
                "rawEndTime": 1585497979299,
                "thinkTime": 65.00620599999999,
                "wastedTime": 0.836517333984375
            }
        ]
    }
]