[
    {
        "actionName": "Action",
        "steps": [
            {
                "stepId": "STEP1",
                "stepName": "Url: WebTours",
                "infFile": "t2.inf",
                "time": 1584453657169
            },
            {
                "stepId": "STEP2",
                "stepName": "Url: sign up now",
                "infFile": "t3.inf",
                "time": 1584453657397
            },
            {
                "stepId": "STEP3",
                "stepName": "Submit Data: login.pl",
                "infFile": "t4.inf",
                "time": 1584453657567
            },
            {
                "stepId": "STEP4",
                "stepName": "Submit Data: login.pl_2",
                "infFile": "t5.inf",
                "time": 1584453657949
            },
            {
                "stepId": "STEP5",
                "stepName": "Url: Search Flights Button",
                "infFile": "t6.inf",
                "time": 1584453658291
            },
            {
                "stepId": "STEP6",
                "stepName": "Submit Data: reservations.pl",
                "infFile": "t7.inf",
                "time": 1584453658501
            },
            {
                "stepId": "STEP7",
                "stepName": "Submit Data: reservations.pl_2",
                "infFile": "t8.inf",
                "time": 1584453658734
            },
            {
                "stepId": "STEP8",
                "stepName": "Submit Data: reservations.pl_3",
                "infFile": "t9.inf",
                "time": 1584453658959
            },
            {
                "stepId": "STEP9",
                "stepName": "Url: Itinerary Button",
                "infFile": "t10.inf",
                "time": 1584453659282
            },
            {
                "stepId": "STEP10",
                "stepName": "Url: SignOff Button",
                "infFile": "t11.inf",
                "time": 1584453659577
            }
        ],
        "transactions": [
            {
                "transactionName": "1_transaction_go_to_link",
                "rawStartTime": 1584453656729,
                "rawEndTime": 1584453657171,
                "thinkTime": 0.0,
                "wastedTime": 0.2145226001739502
            },
            {
                "transactionName": "2_transaction_sign_up",
                "rawStartTime": 1584453657179,
                "rawEndTime": 1584453657569,
                "thinkTime": 0.0,
                "wastedTime": 0.11412525177001953
            },
            {
                "transactionName": "3_transaction_login",
                "rawStartTime": 1584453657577,
                "rawEndTime": 1584453657951,
                "thinkTime": 0.0,
                "wastedTime": 0.11693215370178223
            },
            {
                "transactionName": "4_transaction_flight_information",
                "rawStartTime": 1584453657959,
                "rawEndTime": 1584453658292,
                "thinkTime": 0.0,
                "wastedTime": 0.08352184295654297
            },
            {
                "transactionName": "5_transaction_choose_flight",
                "rawStartTime": 1584453658301,
                "rawEndTime": 1584453658505,
                "thinkTime": 0.0,
                "wastedTime": 0.05476641654968262
            },
            {
                "transactionName": "6_transaction_payment",
                "rawStartTime": 1584453658517,
                "rawEndTime": 1584453658961,
                "thinkTime": 0.0,
                "wastedTime": 0.13949918746948243
            },
            {
                "transactionName": "7_transaction_itinerary",
                "rawStartTime": 1584453658969,
                "rawEndTime": 1584453659284,
                "thinkTime": 0.0,
                "wastedTime": 0.06456947326660156
            },
            {
                "transactionName": "8_transaction_log_out",
                "rawStartTime": 1584453659300,
                "rawEndTime": 1584453659580,
                "thinkTime": 0.0,
                "wastedTime": 0.06264185905456543
            },
            {
                "transactionName": "the_first",
                "rawStartTime": 1584453656718,
                "rawEndTime": 1584453659584,
                "thinkTime": 0.0,
                "wastedTime": 0.850578784942627
            }
        ]
    }
]