{"OutputFileHashSum":"275D6DE1ABD90711F69460423F9B335E6E3A56F30E29320AB27D70CE352D7FD9","Converted":true,"OutputModifyDate":"2020-03-17T14:00:59.6102117Z","Metadatas":[{"CategoryName":"VuGen.Replay","Offset":3084,"Length":23,"TypeId":1},{"CategoryName":"VuGen.Replay","Offset":3210,"Length":55,"TypeId":2},{"CategoryName":"VuGen.Replay","Offset":3398,"Length":70,"TypeId":2},{"CategoryName":"VuGen.Replay","Offset":27707,"Length":99,"TypeId":3},{"CategoryName":"VuGen.Replay","Offset":29905,"Length":129,"TypeId":2},{"CategoryName":"VuGen.Replay","Offset":30169,"Length":68,"TypeId":2},{"CategoryName":"VuGen.Replay","Offset":59420,"Length":76,"TypeId":4},{"CategoryName":"VuGen.Replay","Offset":59496,"Length":78,"TypeId":4},{"CategoryName":"VuGen.Replay","Offset":59574,"Length":78,"TypeId":4},{"CategoryName":"VuGen.Replay","Offset":66325,"Length":126,"TypeId":2},{"CategoryName":"VuGen.Replay","Offset":66586,"Length":66,"TypeId":2},{"CategoryName":"VuGen.Replay","Offset":67320,"Length":118,"TypeId":4},{"CategoryName":"VuGen.Replay","Offset":67438,"Length":76,"TypeId":4},{"CategoryName":"VuGen.Replay","Offset":67514,"Length":78,"TypeId":4},{"CategoryName":"VuGen.Replay","Offset":89120,"Length":125,"TypeId":2},{"CategoryName":"VuGen.Replay","Offset":89382,"Length":80,"TypeId":2},{"CategoryName":"VuGen.Replay","Offset":112947,"Length":138,"TypeId":2},{"CategoryName":"VuGen.Replay","Offset":113222,"Length":75,"TypeId":2},{"CategoryName":"VuGen.Replay","Offset":113775,"Length":92,"TypeId":4},{"CategoryName":"VuGen.Replay","Offset":113867,"Length":92,"TypeId":4},{"CategoryName":"VuGen.Replay","Offset":120879,"Length":133,"TypeId":2},{"CategoryName":"VuGen.Replay","Offset":121149,"Length":69,"TypeId":2},{"CategoryName":"VuGen.Replay","Offset":139737,"Length":127,"TypeId":2},{"CategoryName":"VuGen.Replay","Offset":140001,"Length":71,"TypeId":2},{"CategoryName":"VuGen.Replay","Offset":170332,"Length":129,"TypeId":2},{"CategoryName":"VuGen.Replay","Offset":170598,"Length":69,"TypeId":2},{"CategoryName":"VuGen.Replay","Offset":182602,"Length":127,"TypeId":2},{"CategoryName":"VuGen.Replay","Offset":182729,"Length":115,"TypeId":2},{"CategoryName":"VuGen.Replay","Offset":182867,"Length":21,"TypeId":1}],"MetadataTypes":[{"CategoryName":"VuGen.Replay","MetadataTypeName":"HP.LR.Vugen.Iteration","Id":1},{"CategoryName":"VuGen.Replay","MetadataTypeName":"HP.LR.Vugen.NotifyTransaction","Id":2},{"CategoryName":"VuGen.Replay","MetadataTypeName":"HP.LR.Vugen.NotifySavingParameter","Id":3},{"CategoryName":"VuGen.Replay","MetadataTypeName":"HP.LR.Vugen.NotifyParameterSubstitution","Id":4},{"CategoryName":"VuGen.Replay","MetadataTypeName":"Utt.Debugger.Error","Id":5},{"CategoryName":"VuGen.Replay","MetadataTypeName":"HP.LR.Vugen.NotifyAny","Id":6}]}