{"OutputFileHashSum":"23BD2E94DC5A5194EE8D293E2CBB9C4E07D65B3C7C9FD0154265A11D33833849","Converted":true,"OutputModifyDate":"2020-03-25T09:45:45.606984Z","Metadatas":[{"CategoryName":"VuGen.Replay","Offset":3048,"Length":23,"TypeId":1},{"CategoryName":"VuGen.Replay","Offset":3174,"Length":55,"TypeId":2},{"CategoryName":"VuGen.Replay","Offset":3362,"Length":70,"TypeId":2},{"CategoryName":"VuGen.Replay","Offset":17420,"Length":102,"TypeId":3},{"CategoryName":"VuGen.Replay","Offset":19558,"Length":129,"TypeId":2},{"CategoryName":"VuGen.Replay","Offset":19822,"Length":68,"TypeId":2},{"CategoryName":"VuGen.Replay","Offset":47764,"Length":126,"TypeId":2},{"CategoryName":"VuGen.Replay","Offset":48025,"Length":77,"TypeId":2},{"CategoryName":"VuGen.Replay","Offset":48566,"Length":76,"TypeId":4},{"CategoryName":"VuGen.Replay","Offset":48642,"Length":78,"TypeId":4},{"CategoryName":"VuGen.Replay","Offset":48720,"Length":78,"TypeId":4},{"CategoryName":"VuGen.Replay","Offset":55459,"Length":135,"TypeId":2},{"CategoryName":"VuGen.Replay","Offset":55729,"Length":66,"TypeId":2},{"CategoryName":"VuGen.Replay","Offset":56463,"Length":121,"TypeId":4},{"CategoryName":"VuGen.Replay","Offset":56584,"Length":76,"TypeId":4},{"CategoryName":"VuGen.Replay","Offset":56660,"Length":78,"TypeId":4},{"CategoryName":"VuGen.Replay","Offset":77666,"Length":125,"TypeId":2},{"CategoryName":"VuGen.Replay","Offset":77928,"Length":75,"TypeId":2},{"CategoryName":"VuGen.Replay","Offset":100874,"Length":133,"TypeId":2},{"CategoryName":"VuGen.Replay","Offset":101144,"Length":80,"TypeId":2},{"CategoryName":"VuGen.Replay","Offset":101699,"Length":84,"TypeId":4},{"CategoryName":"VuGen.Replay","Offset":101783,"Length":84,"TypeId":4},{"CategoryName":"VuGen.Replay","Offset":108721,"Length":138,"TypeId":2},{"CategoryName":"VuGen.Replay","Offset":108996,"Length":70,"TypeId":2},{"CategoryName":"VuGen.Replay","Offset":120830,"Length":128,"TypeId":2},{"CategoryName":"VuGen.Replay","Offset":120958,"Length":115,"TypeId":2},{"CategoryName":"VuGen.Replay","Offset":121096,"Length":21,"TypeId":1}],"MetadataTypes":[{"CategoryName":"VuGen.Replay","MetadataTypeName":"HP.LR.Vugen.Iteration","Id":1},{"CategoryName":"VuGen.Replay","MetadataTypeName":"HP.LR.Vugen.NotifyTransaction","Id":2},{"CategoryName":"VuGen.Replay","MetadataTypeName":"HP.LR.Vugen.NotifySavingParameter","Id":3},{"CategoryName":"VuGen.Replay","MetadataTypeName":"HP.LR.Vugen.NotifyParameterSubstitution","Id":4},{"CategoryName":"VuGen.Replay","MetadataTypeName":"Utt.Debugger.Error","Id":5},{"CategoryName":"VuGen.Replay","MetadataTypeName":"HP.LR.Vugen.NotifyAny","Id":6}]}