{"OutputFileHashSum":"0168E5704136A15E3A78A6135BF0EECCE42A20B59BACCF341DF3BE9BA37D97DC","Converted":true,"OutputModifyDate":"2020-04-15T09:05:50.7145081Z","Metadatas":[{"CategoryName":"VuGen.Replay","Offset":3063,"Length":23,"TypeId":1},{"CategoryName":"VuGen.Replay","Offset":3189,"Length":80,"TypeId":2},{"CategoryName":"VuGen.Replay","Offset":3269,"Length":70,"TypeId":2},{"CategoryName":"VuGen.Replay","Offset":4288,"Length":78,"TypeId":3},{"CategoryName":"VuGen.Replay","Offset":4366,"Length":74,"TypeId":3},{"CategoryName":"VuGen.Replay","Offset":4440,"Length":78,"TypeId":3},{"CategoryName":"VuGen.Replay","Offset":4518,"Length":74,"TypeId":3},{"CategoryName":"VuGen.Replay","Offset":17474,"Length":98,"TypeId":4},{"CategoryName":"VuGen.Replay","Offset":19679,"Length":129,"TypeId":2},{"CategoryName":"VuGen.Replay","Offset":19852,"Length":66,"TypeId":2},{"CategoryName":"VuGen.Replay","Offset":20448,"Length":78,"TypeId":3},{"CategoryName":"VuGen.Replay","Offset":20526,"Length":74,"TypeId":3},{"CategoryName":"VuGen.Replay","Offset":20993,"Length":78,"TypeId":3},{"CategoryName":"VuGen.Replay","Offset":21071,"Length":74,"TypeId":3},{"CategoryName":"VuGen.Replay","Offset":21145,"Length":78,"TypeId":3},{"CategoryName":"VuGen.Replay","Offset":21223,"Length":74,"TypeId":3},{"CategoryName":"VuGen.Replay","Offset":21297,"Length":117,"TypeId":3},{"CategoryName":"VuGen.Replay","Offset":21414,"Length":75,"TypeId":3},{"CategoryName":"VuGen.Replay","Offset":21489,"Length":78,"TypeId":3},{"CategoryName":"VuGen.Replay","Offset":43452,"Length":124,"TypeId":2},{"CategoryName":"VuGen.Replay","Offset":43620,"Length":74,"TypeId":2},{"CategoryName":"VuGen.Replay","Offset":44352,"Length":78,"TypeId":3},{"CategoryName":"VuGen.Replay","Offset":44430,"Length":74,"TypeId":3},{"CategoryName":"VuGen.Replay","Offset":44504,"Length":78,"TypeId":3},{"CategoryName":"VuGen.Replay","Offset":44582,"Length":74,"TypeId":3},{"CategoryName":"VuGen.Replay","Offset":72383,"Length":132,"TypeId":2},{"CategoryName":"VuGen.Replay","Offset":72559,"Length":79,"TypeId":2},{"CategoryName":"VuGen.Replay","Offset":72843,"Length":78,"TypeId":3},{"CategoryName":"VuGen.Replay","Offset":72921,"Length":74,"TypeId":3},{"CategoryName":"VuGen.Replay","Offset":73396,"Length":79,"TypeId":3},{"CategoryName":"VuGen.Replay","Offset":73475,"Length":75,"TypeId":3},{"CategoryName":"VuGen.Replay","Offset":73550,"Length":79,"TypeId":3},{"CategoryName":"VuGen.Replay","Offset":73629,"Length":75,"TypeId":3},{"CategoryName":"VuGen.Replay","Offset":73704,"Length":84,"TypeId":3},{"CategoryName":"VuGen.Replay","Offset":73788,"Length":84,"TypeId":3},{"CategoryName":"VuGen.Replay","Offset":81267,"Length":138,"TypeId":2},{"CategoryName":"VuGen.Replay","Offset":81405,"Length":161,"TypeId":2},{"CategoryName":"VuGen.Replay","Offset":81589,"Length":21,"TypeId":1}],"MetadataTypes":[{"CategoryName":"VuGen.Replay","MetadataTypeName":"HP.LR.Vugen.Iteration","Id":1},{"CategoryName":"VuGen.Replay","MetadataTypeName":"HP.LR.Vugen.NotifyTransaction","Id":2},{"CategoryName":"VuGen.Replay","MetadataTypeName":"HP.LR.Vugen.NotifyParameterSubstitution","Id":3},{"CategoryName":"VuGen.Replay","MetadataTypeName":"HP.LR.Vugen.NotifySavingParameter","Id":4}]}