[
    {
        "actionName": "Action",
        "steps": [
            {
                "stepId": "STEP1",
                "stepName": "Url: welcome.pl",
                "infFile": "t2.inf",
                "time": 1585501869187
            },
            {
                "stepId": "STEP2",
                "stepName": "Url: login.pl",
                "infFile": "t3.inf",
                "time": 1585501874640
            },
            {
                "stepId": "STEP3",
                "stepName": "Submit Data: login.pl_2",
                "infFile": "t4.inf",
                "time": 1585501880048
            },
            {
                "stepId": "STEP4",
                "stepName": "Submit Data: login.pl_3",
                "infFile": "t5.inf",
                "time": 1585501885581
            },
            {
                "stepId": "STEP5",
                "stepName": "Url: Search Flights Button",
                "infFile": "t6.inf",
                "time": 1585501891157
            },
            {
                "stepId": "STEP6",
                "stepName": "Submit Data: reservations.pl",
                "infFile": "t7.inf",
                "time": 1585501896551
            },
            {
                "stepId": "STEP7",
                "stepName": "Url: SignOff Button",
                "infFile": "t8.inf",
                "time": 1585501902012
            }
        ],
        "transactions": [
            {
                "transactionName": "1_transaction_go_to_link",
                "rawStartTime": 1585501868693,
                "rawEndTime": 1585501869189,
                "thinkTime": 0.0,
                "wastedTime": 0.1954193115234375
            },
            {
                "transactionName": "2_transaction_sign_up",
                "rawStartTime": 1585501874347,
                "rawEndTime": 1585501874641,
                "thinkTime": 0.0,
                "wastedTime": 0.060064077377319339
            },
            {
                "transactionName": "3_transaction_user_information",
                "rawStartTime": 1585501879808,
                "rawEndTime": 1585501880050,
                "thinkTime": 0.0,
                "wastedTime": 0.03436136245727539
            },
            {
                "transactionName": "4_transaction_login",
                "rawStartTime": 1585501885202,
                "rawEndTime": 1585501885582,
                "thinkTime": 0.0,
                "wastedTime": 0.07725644111633301
            },
            {
                "transactionName": "5_transaction_go_to_flights",
                "rawStartTime": 1585501890744,
                "rawEndTime": 1585501891159,
                "thinkTime": 0.0,
                "wastedTime": 0.06407976150512696
            },
            {
                "transactionName": "6_transaction_flight_information",
                "rawStartTime": 1585501896297,
                "rawEndTime": 1585501896553,
                "thinkTime": 0.0,
                "wastedTime": 0.04651308059692383
            },
            {
                "transactionName": "7_transaction_sign_off",
                "rawStartTime": 1585501901696,
                "rawEndTime": 1585501902014,
                "thinkTime": 0.0,
                "wastedTime": 0.05472230911254883
            },
            {
                "transactionName": "the_fifth",
                "rawStartTime": 1585501868613,
                "rawEndTime": 1585501902157,
                "thinkTime": 30.001626,
                "wastedTime": 0.5324163436889648
            }
        ]
    }
]