[
    {
        "actionName": "Action",
        "steps": [
            {
                "stepId": "STEP1",
                "stepName": "Url: welcome.pl",
                "infFile": "t2.inf",
                "time": 1586859773289
            },
            {
                "stepId": "STEP2",
                "stepName": "Submit Data: login.pl_3",
                "infFile": "t3.inf",
                "time": 1586859773821
            },
            {
                "stepId": "STEP3",
                "stepName": "Url: Search Flights Button",
                "infFile": "t4.inf",
                "time": 1586859774436
            },
            {
                "stepId": "STEP4",
                "stepName": "Submit Data: reservations.pl",
                "infFile": "t5.inf",
                "time": 1586859774843
            },
            {
                "stepId": "STEP5",
                "stepName": "Submit Data: reservations.pl_2",
                "infFile": "t6.inf",
                "time": 1586859775278
            },
            {
                "stepId": "STEP6",
                "stepName": "Submit Data: reservations.pl_3",
                "infFile": "t7.inf",
                "time": 1586859775697
            },
            {
                "stepId": "STEP7",
                "stepName": "Url: Itinerary Button",
                "infFile": "t8.inf",
                "time": 1586859776277
            },
            {
                "stepId": "STEP8",
                "stepName": "Url: SignOff Button",
                "infFile": "t9.inf",
                "time": 1586859776849
            }
        ],
        "transactions": [
            {
                "transactionName": "1_transaction_go_to_link",
                "rawStartTime": 1586859772757,
                "rawEndTime": 1586859773291,
                "thinkTime": 0.0,
                "wastedTime": 0.23896384239196778
            },
            {
                "transactionName": "2_transaction_login",
                "rawStartTime": 1586859773446,
                "rawEndTime": 1586859773822,
                "thinkTime": 0.0,
                "wastedTime": 0.06490659713745117
            },
            {
                "transactionName": "3_transaction_go_to_flights",
                "rawStartTime": 1586859773978,
                "rawEndTime": 1586859774438,
                "thinkTime": 0.0,
                "wastedTime": 0.09387493133544922
            },
            {
                "transactionName": "4_transaction_flight_information",
                "rawStartTime": 1586859774584,
                "rawEndTime": 1586859774845,
                "thinkTime": 0.0,
                "wastedTime": 0.05047202110290527
            },
            {
                "transactionName": "5_transaction_choose_flight",
                "rawStartTime": 1586859774989,
                "rawEndTime": 1586859775279,
                "thinkTime": 0.0,
                "wastedTime": 0.059773921966552737
            },
            {
                "transactionName": "6_transaction_payment",
                "rawStartTime": 1586859775419,
                "rawEndTime": 1586859775698,
                "thinkTime": 0.0,
                "wastedTime": 0.05621027946472168
            },
            {
                "transactionName": "7_transaction_go_to_itinerary",
                "rawStartTime": 1586859775863,
                "rawEndTime": 1586859776278,
                "thinkTime": 0.0,
                "wastedTime": 0.06116819381713867
            },
            {
                "transactionName": "8_transaction_sign_off",
                "rawStartTime": 1586859776439,
                "rawEndTime": 1586859776850,
                "thinkTime": 0.0,
                "wastedTime": 0.1012730598449707
            },
            {
                "transactionName": "1_buy_ticket_with_all",
                "rawStartTime": 1586859772673,
                "rawEndTime": 1586859777030,
                "thinkTime": 0.0,
                "wastedTime": 0.7266428470611572
            }
        ]
    }
]