[
    {
        "actionName": "Action",
        "steps": [
            {
                "stepId": "STEP1",
                "stepName": "Url: welcome.pl",
                "infFile": "t2.inf",
                "time": 1586106804150
            },
            {
                "stepId": "STEP2",
                "stepName": "Submit Data: login.pl_3",
                "infFile": "t3.inf",
                "time": 1586106804697
            },
            {
                "stepId": "STEP3",
                "stepName": "Url: Search Flights Button",
                "infFile": "t4.inf",
                "time": 1586106805333
            },
            {
                "stepId": "STEP4",
                "stepName": "Submit Data: reservations.pl",
                "infFile": "t5.inf",
                "time": 1586106805865
            },
            {
                "stepId": "STEP5",
                "stepName": "Submit Data: reservations.pl_2",
                "infFile": "t6.inf",
                "time": 1586106806308
            },
            {
                "stepId": "STEP6",
                "stepName": "Submit Data: reservations.pl_3",
                "infFile": "t7.inf",
                "time": 1586106806766
            },
            {
                "stepId": "STEP7",
                "stepName": "Url: Itinerary Button",
                "infFile": "t8.inf",
                "time": 1586106807355
            },
            {
                "stepId": "STEP8",
                "stepName": "Url: SignOff Button",
                "infFile": "t9.inf",
                "time": 1586106807814
            }
        ],
        "transactions": [
            {
                "transactionName": "1_transaction_go_to_link",
                "rawStartTime": 1586106803656,
                "rawEndTime": 1586106804152,
                "thinkTime": 0.0,
                "wastedTime": 0.20891857147216798
            },
            {
                "transactionName": "2_transaction_login",
                "rawStartTime": 1586106804326,
                "rawEndTime": 1586106804698,
                "thinkTime": 0.0,
                "wastedTime": 0.06076407432556152
            },
            {
                "transactionName": "3_transaction_go_to_flights",
                "rawStartTime": 1586106804841,
                "rawEndTime": 1586106805335,
                "thinkTime": 0.0,
                "wastedTime": 0.055056095123291019
            },
            {
                "transactionName": "4_transaction_flight_information",
                "rawStartTime": 1586106805488,
                "rawEndTime": 1586106805867,
                "thinkTime": 0.0,
                "wastedTime": 0.06781935691833496
            },
            {
                "transactionName": "5_transaction_choose_flight",
                "rawStartTime": 1586106806047,
                "rawEndTime": 1586106806310,
                "thinkTime": 0.0,
                "wastedTime": 0.03938436508178711
            },
            {
                "transactionName": "6_transaction_payment",
                "rawStartTime": 1586106806467,
                "rawEndTime": 1586106806768,
                "thinkTime": 0.0,
                "wastedTime": 0.0768585205078125
            },
            {
                "transactionName": "7_transaction_go_to_itinerary",
                "rawStartTime": 1586106806914,
                "rawEndTime": 1586106807357,
                "thinkTime": 0.0,
                "wastedTime": 0.05577373504638672
            },
            {
                "transactionName": "8_transaction_sign_off",
                "rawStartTime": 1586106807489,
                "rawEndTime": 1586106807815,
                "thinkTime": 0.0,
                "wastedTime": 0.046479225158691409
            },
            {
                "transactionName": "1_buy_ticket_with_all",
                "rawStartTime": 1586106803576,
                "rawEndTime": 1586106807968,
                "thinkTime": 0.0,
                "wastedTime": 0.6110539436340332
            }
        ]
    }
]