{"OutputFileHashSum":"A6CB061405F121E7C1D1BCDAFD5C6472234FEDE55FF4914561C03BD37C1FDAA2","Converted":true,"OutputModifyDate":"2020-03-16T09:25:25.5081091Z","Metadatas":[{"CategoryName":"VuGen.Replay","Offset":549,"Length":23,"TypeId":1},{"CategoryName":"VuGen.Replay","Offset":675,"Length":55,"TypeId":2},{"CategoryName":"VuGen.Replay","Offset":730,"Length":70,"TypeId":2},{"CategoryName":"VuGen.Replay","Offset":2652,"Length":129,"TypeId":2},{"CategoryName":"VuGen.Replay","Offset":2781,"Length":66,"TypeId":2},{"CategoryName":"VuGen.Replay","Offset":4045,"Length":124,"TypeId":2},{"CategoryName":"VuGen.Replay","Offset":4169,"Length":80,"TypeId":2},{"CategoryName":"VuGen.Replay","Offset":6500,"Length":139,"TypeId":2},{"CategoryName":"VuGen.Replay","Offset":6639,"Length":75,"TypeId":2},{"CategoryName":"VuGen.Replay","Offset":7114,"Length":133,"TypeId":2},{"CategoryName":"VuGen.Replay","Offset":7384,"Length":65,"TypeId":2},{"CategoryName":"VuGen.Replay","Offset":8741,"Length":123,"TypeId":2},{"CategoryName":"VuGen.Replay","Offset":8864,"Length":68,"TypeId":2},{"CategoryName":"VuGen.Replay","Offset":9949,"Length":126,"TypeId":2},{"CategoryName":"VuGen.Replay","Offset":10075,"Length":115,"TypeId":2},{"CategoryName":"VuGen.Replay","Offset":10213,"Length":21,"TypeId":1}],"MetadataTypes":[{"CategoryName":"VuGen.Replay","MetadataTypeName":"HP.LR.Vugen.Iteration","Id":1},{"CategoryName":"VuGen.Replay","MetadataTypeName":"HP.LR.Vugen.NotifyTransaction","Id":2}]}