<?xml version="1.0" encoding="UTF-8"?><SLA Version="1.0"><TxList><Tx>the_second</Tx><Tx>8_transaction_log_out</Tx><Tx>vuser_end_Transaction</Tx><Tx>6_transaction_flight_information</Tx><Tx>10_transaction_second_flight_information</Tx><Tx>7_transaction_itinerary</Tx><Tx>11_transaction_choose_second_flight</Tx><Tx>4_transaction_login</Tx><Tx>6_transaction_payment</Tx><Tx>3_transaction_user_information</Tx><Tx>7_transaction_sign_off</Tx><Tx>9_transaction_book_another</Tx><Tx>the_first</Tx><Tx>vuser_init_Transaction</Tx><Tx>the_third</Tx><Tx>14_transaction_sign_off</Tx><Tx>8_transaction_payment</Tx><Tx>2_transaction_sign_up</Tx><Tx>the_fifth</Tx><Tx>12_transaction_payment</Tx><Tx>7_transaction_choose_flight</Tx><Tx>3_transaction_login</Tx><Tx>5_transaction_go_to_flights</Tx><Tx>4_transaction_flight_information</Tx><Tx>5_transaction_choose_flight</Tx><Tx>1_transaction_go_to_link</Tx><Tx>the_forth</Tx><Tx>4_transaction_continue</Tx><Tx>Action_Transaction</Tx><Tx>13_transaction_itinerary</Tx></TxList><SLARules><TrackingPeriodType>Default</TrackingPeriodType><TrackingPeriodValue></TrackingPeriodValue><TrackingPeriodTimeScale></TrackingPeriodTimeScale></SLARules></SLA>