[
    {
        "actionName": "Action",
        "steps": [
            {
                "stepId": "STEP1",
                "stepName": "Url: welcome.pl",
                "infFile": "t1.inf",
                "time": 1585048080557
            },
            {
                "stepId": "STEP2",
                "stepName": "Url: login.pl",
                "infFile": "t2.inf",
                "time": 1585048081066
            },
            {
                "stepId": "STEP3",
                "stepName": "Url: login.pl_2",
                "infFile": "t3.inf",
                "time": 1585048081277
            },
            {
                "stepId": "STEP4",
                "stepName": "Submit Data: login.pl_4",
                "infFile": "t4.inf",
                "time": 1585048081660
            },
            {
                "stepId": "STEP5",
                "stepName": "Url: button_next.gif",
                "infFile": "t5.inf",
                "time": 1585048082158
            },
            {
                "stepId": "STEP6",
                "stepName": "Url: Search Flights Button",
                "infFile": "t6.inf",
                "time": 1585048082686
            },
            {
                "stepId": "STEP7",
                "stepName": "Submit Data: reservations.pl",
                "infFile": "t7.inf",
                "time": 1585048083090
            }
        ],
        "transactions": [
            {
                "transactionName": "1_transaction_go_to_link",
                "rawStartTime": 1585048080080,
                "rawEndTime": 1585048080559,
                "thinkTime": 0.0,
                "wastedTime": 0.1984560489654541
            },
            {
                "transactionName": "2_transaction_sign_up",
                "rawStartTime": 1585048080689,
                "rawEndTime": 1585048081279,
                "thinkTime": 0.0,
                "wastedTime": 0.17655634880065919
            },
            {
                "transactionName": "3_transaction_user_information",
                "rawStartTime": 1585048081430,
                "rawEndTime": 1585048081662,
                "thinkTime": 0.0,
                "wastedTime": 0.03446316719055176
            },
            {
                "transactionName": "4_transaction_continue",
                "rawStartTime": 1585048081807,
                "rawEndTime": 1585048082160,
                "thinkTime": 0.0,
                "wastedTime": 0.06866765022277832
            },
            {
                "transactionName": "5_transaction_go_to_flights",
                "rawStartTime": 1585048082303,
                "rawEndTime": 1585048082687,
                "thinkTime": 0.0,
                "wastedTime": 0.0843806266784668
            },
            {
                "transactionName": "6_transaction_flight_information",
                "rawStartTime": 1585048082815,
                "rawEndTime": 1585048083092,
                "thinkTime": 0.0,
                "wastedTime": 0.04526233673095703
            },
            {
                "transactionName": "the_forth",
                "rawStartTime": 1585048079956,
                "rawEndTime": 1585048083217,
                "thinkTime": 0.0,
                "wastedTime": 0.6077861785888672
            }
        ]
    }
]