[
    {
        "actionName": "Action",
        "steps": [
            {
                "stepId": "STEP1",
                "stepName": "Url: WebTours",
                "infFile": "t2.inf",
                "time": 1584350724095
            },
            {
                "stepId": "STEP2",
                "stepName": "Submit Data: login.pl",
                "infFile": "t3.inf",
                "time": 1584350724373
            },
            {
                "stepId": "STEP3",
                "stepName": "Url: Search Flights Button",
                "infFile": "t4.inf",
                "time": 1584350724691
            },
            {
                "stepId": "STEP4",
                "stepName": "Submit Data: reservations.pl",
                "infFile": "t5.inf",
                "time": 1584350724905
            },
            {
                "stepId": "STEP5",
                "stepName": "Submit Data: reservations.pl_2",
                "infFile": "t6.inf",
                "time": 1584350725070
            },
            {
                "stepId": "STEP6",
                "stepName": "Submit Data: reservations.pl_3",
                "infFile": "t7.inf",
                "time": 1584350725261
            },
            {
                "stepId": "STEP7",
                "stepName": "Url: SignOff Button",
                "infFile": "t8.inf",
                "time": 1584350725486
            }
        ],
        "transactions": [
            {
                "transactionName": "1_transaction_go_to_link",
                "rawStartTime": 1584350723680,
                "rawEndTime": 1584350724097,
                "thinkTime": 0.0,
                "wastedTime": 0.23094892501831056
            },
            {
                "transactionName": "2_transaction_login",
                "rawStartTime": 1584350724099,
                "rawEndTime": 1584350724375,
                "thinkTime": 0.0,
                "wastedTime": 0.07648921012878418
            },
            {
                "transactionName": "3_transaction_flights_information",
                "rawStartTime": 1584350724377,
                "rawEndTime": 1584350724907,
                "thinkTime": 0.0,
                "wastedTime": 0.15258431434631349
            },
            {
                "transactionName": "4_transaction_choose_flight",
                "rawStartTime": 1584350724911,
                "rawEndTime": 1584350725071,
                "thinkTime": 0.0,
                "wastedTime": 0.04716038703918457
            },
            {
                "transactionName": "5_transaction_pay",
                "rawStartTime": 1584350725083,
                "rawEndTime": 1584350725263,
                "thinkTime": 0.0,
                "wastedTime": 0.051348209381103519
            },
            {
                "transactionName": "6_transaction_logout",
                "rawStartTime": 1584350725265,
                "rawEndTime": 1584350725487,
                "thinkTime": 0.0,
                "wastedTime": 0.05202054977416992
            },
            {
                "transactionName": "Tiket_one",
                "rawStartTime": 1584350723677,
                "rawEndTime": 1584350725489,
                "thinkTime": 0.0,
                "wastedTime": 0.6105515956878662
            }
        ]
    }
]