[
    {
        "actionName": "Action",
        "steps": [
            {
                "stepId": "STEP1",
                "stepName": "Url: welcome.pl",
                "infFile": "t2.inf",
                "time": 1585129542002
            },
            {
                "stepId": "STEP2",
                "stepName": "Url: login.pl",
                "infFile": "t3.inf",
                "time": 1585129542657
            },
            {
                "stepId": "STEP3",
                "stepName": "Submit Data: login.pl_2",
                "infFile": "t4.inf",
                "time": 1585129543053
            },
            {
                "stepId": "STEP4",
                "stepName": "Submit Data: login.pl_3",
                "infFile": "t5.inf",
                "time": 1585129543621
            },
            {
                "stepId": "STEP5",
                "stepName": "Url: Search Flights Button",
                "infFile": "t6.inf",
                "time": 1585129544134
            },
            {
                "stepId": "STEP6",
                "stepName": "Submit Data: reservations.pl",
                "infFile": "t7.inf",
                "time": 1585129544540
            },
            {
                "stepId": "STEP7",
                "stepName": "Url: SignOff Button",
                "infFile": "t8.inf",
                "time": 1585129544967
            }
        ],
        "transactions": [
            {
                "transactionName": "1_transaction_go_to_link",
                "rawStartTime": 1585129541545,
                "rawEndTime": 1585129542004,
                "thinkTime": 0.0,
                "wastedTime": 0.20286273956298829
            },
            {
                "transactionName": "2_transaction_sign_up",
                "rawStartTime": 1585129542150,
                "rawEndTime": 1585129542658,
                "thinkTime": 0.0,
                "wastedTime": 0.10992145538330078
            },
            {
                "transactionName": "3_transaction_user_information",
                "rawStartTime": 1585129542787,
                "rawEndTime": 1585129543055,
                "thinkTime": 0.0,
                "wastedTime": 0.05017971992492676
            },
            {
                "transactionName": "4_transaction_login",
                "rawStartTime": 1585129543243,
                "rawEndTime": 1585129543623,
                "thinkTime": 0.0,
                "wastedTime": 0.06898021697998047
            },
            {
                "transactionName": "5_transaction_go_to_flights",
                "rawStartTime": 1585129543768,
                "rawEndTime": 1585129544136,
                "thinkTime": 0.0,
                "wastedTime": 0.07465076446533203
            },
            {
                "transactionName": "6_transaction_flight_information",
                "rawStartTime": 1585129544279,
                "rawEndTime": 1585129544542,
                "thinkTime": 0.0,
                "wastedTime": 0.04918670654296875
            },
            {
                "transactionName": "7_transaction_sign_off",
                "rawStartTime": 1585129544665,
                "rawEndTime": 1585129544969,
                "thinkTime": 0.0,
                "wastedTime": 0.06376004219055176
            },
            {
                "transactionName": "the_fifth",
                "rawStartTime": 1585129541461,
                "rawEndTime": 1585129545107,
                "thinkTime": 0.0,
                "wastedTime": 0.6195416450500488
            }
        ]
    }
]