<?xml version="1.0" encoding="UTF-8"?><SLA Version="1.0"><TxList><Tx>9_transaction_go_to_itinerary</Tx><Tx>10_transaction_second_flight_information</Tx><Tx>vuser_end_Transaction</Tx><Tx>the_fifth_without_buy_with_sign_off</Tx><Tx>6_transaction_flight_information</Tx><Tx>11_transaction_choose_second_flight</Tx><Tx>4_transaction_login</Tx><Tx>the_third_buy_ticket_without_itinerary</Tx><Tx>the_second_buy_two_tickets</Tx><Tx>the_first_buy_ticket_with_all</Tx><Tx>3_transaction_user_information</Tx><Tx>9_transaction_book_another</Tx><Tx>7_transaction_sign_off</Tx><Tx>vuser_init_Transaction</Tx><Tx>10_transaction_sign_off</Tx><Tx>14_transaction_sign_off</Tx><Tx>8_transaction_payment</Tx><Tx>2_transaction_sign_up</Tx><Tx>12_transaction_payment</Tx><Tx>7_transaction_choose_flight</Tx><Tx>5_transaction_go_to_flights</Tx><Tx>1_transaction_go_to_link</Tx><Tx>the_forth_without_buy_and_use_continue</Tx><Tx>4_transaction_continue</Tx><Tx>2_transaction_go_to_sign_up</Tx><Tx>13_transaction_itinerary</Tx><Tx>Action_Transaction</Tx></TxList><SLARules><TrackingPeriodType>Default</TrackingPeriodType><TrackingPeriodValue></TrackingPeriodValue><TrackingPeriodTimeScale></TrackingPeriodTimeScale></SLARules></SLA>