[
    {
        "actionName": "Action",
        "steps": [
            {
                "stepId": "STEP1",
                "stepName": "Url: welcome.pl",
                "infFile": "t2.inf",
                "time": 1586107761693
            },
            {
                "stepId": "STEP2",
                "stepName": "Submit Data: login.pl_3",
                "infFile": "t3.inf",
                "time": 1586107762381
            },
            {
                "stepId": "STEP3",
                "stepName": "Url: Search Flights Button",
                "infFile": "t4.inf",
                "time": 1586107762898
            },
            {
                "stepId": "STEP4",
                "stepName": "Submit Data: reservations.pl",
                "infFile": "t5.inf",
                "time": 1586107763329
            },
            {
                "stepId": "STEP5",
                "stepName": "Submit Data: reservations.pl_2",
                "infFile": "t6.inf",
                "time": 1586107763750
            },
            {
                "stepId": "STEP6",
                "stepName": "Submit Data: reservations.pl_3",
                "infFile": "t7.inf",
                "time": 1586107764166
            }
        ],
        "transactions": [
            {
                "transactionName": "1_transaction_go_to_link",
                "rawStartTime": 1586107761249,
                "rawEndTime": 1586107761695,
                "thinkTime": 0.0,
                "wastedTime": 0.18634676933288575
            },
            {
                "transactionName": "2_transaction_login",
                "rawStartTime": 1586107761854,
                "rawEndTime": 1586107762383,
                "thinkTime": 0.0,
                "wastedTime": 0.11645984649658203
            },
            {
                "transactionName": "3_transaction_go_to_flights",
                "rawStartTime": 1586107762569,
                "rawEndTime": 1586107762900,
                "thinkTime": 0.0,
                "wastedTime": 0.061086177825927737
            },
            {
                "transactionName": "4_transaction_flight_information",
                "rawStartTime": 1586107763058,
                "rawEndTime": 1586107763331,
                "thinkTime": 0.0,
                "wastedTime": 0.03506946563720703
            },
            {
                "transactionName": "5_transaction_choose_flight",
                "rawStartTime": 1586107763471,
                "rawEndTime": 1586107763752,
                "thinkTime": 0.0,
                "wastedTime": 0.035173892974853519
            },
            {
                "transactionName": "6_transaction_payment",
                "rawStartTime": 1586107763893,
                "rawEndTime": 1586107764168,
                "thinkTime": 0.0,
                "wastedTime": 0.05707263946533203
            },
            {
                "transactionName": "3_buy_ticket_without_itinerary",
                "rawStartTime": 1586107761168,
                "rawEndTime": 1586107764316,
                "thinkTime": 0.0,
                "wastedTime": 0.4912087917327881
            }
        ]
    }
]