[
    {
        "actionName": "Action",
        "steps": [
            {
                "stepId": "STEP1",
                "stepName": "Url: welcome.pl",
                "infFile": "t2.inf",
                "time": 1586860081809
            },
            {
                "stepId": "STEP2",
                "stepName": "Submit Data: login.pl_3",
                "infFile": "t3.inf",
                "time": 1586860082344
            },
            {
                "stepId": "STEP3",
                "stepName": "Url: Search Flights Button",
                "infFile": "t4.inf",
                "time": 1586860082881
            },
            {
                "stepId": "STEP4",
                "stepName": "Submit Data: reservations.pl",
                "infFile": "t5.inf",
                "time": 1586860083292
            },
            {
                "stepId": "STEP5",
                "stepName": "Submit Data: reservations.pl_2",
                "infFile": "t6.inf",
                "time": 1586860083677
            },
            {
                "stepId": "STEP6",
                "stepName": "Submit Data: reservations.pl_3",
                "infFile": "t7.inf",
                "time": 1586860084170
            }
        ],
        "transactions": [
            {
                "transactionName": "1_transaction_go_to_link",
                "rawStartTime": 1586860081342,
                "rawEndTime": 1586860081810,
                "thinkTime": 0.0,
                "wastedTime": 0.19451212882995606
            },
            {
                "transactionName": "2_transaction_login",
                "rawStartTime": 1586860081959,
                "rawEndTime": 1586860082346,
                "thinkTime": 0.0,
                "wastedTime": 0.06553244590759278
            },
            {
                "transactionName": "3_transaction_go_to_flights",
                "rawStartTime": 1586860082486,
                "rawEndTime": 1586860082883,
                "thinkTime": 0.0,
                "wastedTime": 0.0826718807220459
            },
            {
                "transactionName": "4_transaction_flight_information",
                "rawStartTime": 1586860083044,
                "rawEndTime": 1586860083294,
                "thinkTime": 0.0,
                "wastedTime": 0.037158966064453128
            },
            {
                "transactionName": "5_transaction_choose_flight",
                "rawStartTime": 1586860083436,
                "rawEndTime": 1586860083679,
                "thinkTime": 0.0,
                "wastedTime": 0.04097700119018555
            },
            {
                "transactionName": "6_transaction_payment",
                "rawStartTime": 1586860083843,
                "rawEndTime": 1586860084172,
                "thinkTime": 0.0,
                "wastedTime": 0.07648229598999024
            },
            {
                "transactionName": "3_buy_ticket_without_itinerary",
                "rawStartTime": 1586860081266,
                "rawEndTime": 1586860084376,
                "thinkTime": 0.0,
                "wastedTime": 0.49733471870422366
            }
        ]
    }
]