[
    {
        "actionName": "Action",
        "steps": [
            {
                "stepId": "STEP1",
                "stepName": "Url: welcome.pl",
                "infFile": "t2.inf",
                "time": 1585498884071
            },
            {
                "stepId": "STEP2",
                "stepName": "Url: login.pl",
                "infFile": "t3.inf",
                "time": 1585498889531
            },
            {
                "stepId": "STEP3",
                "stepName": "Submit Data: login.pl_2",
                "infFile": "t4.inf",
                "time": 1585498894953
            },
            {
                "stepId": "STEP4",
                "stepName": "Submit Data: login.pl_3",
                "infFile": "t5.inf",
                "time": 1585498900491
            },
            {
                "stepId": "STEP5",
                "stepName": "Url: Search Flights Button",
                "infFile": "t6.inf",
                "time": 1585498906029
            },
            {
                "stepId": "STEP6",
                "stepName": "Submit Data: reservations.pl",
                "infFile": "t7.inf",
                "time": 1585498911472
            },
            {
                "stepId": "STEP7",
                "stepName": "Submit Data: reservations.pl_2",
                "infFile": "t8.inf",
                "time": 1585498916867
            },
            {
                "stepId": "STEP8",
                "stepName": "Submit Data: reservations.pl_3",
                "infFile": "t9.inf",
                "time": 1585498922261
            }
        ],
        "transactions": [
            {
                "transactionName": "1_transaction_go_to_link",
                "rawStartTime": 1585498883601,
                "rawEndTime": 1585498884073,
                "thinkTime": 0.0,
                "wastedTime": 0.21648430824279786
            },
            {
                "transactionName": "2_transaction_sign_up",
                "rawStartTime": 1585498889232,
                "rawEndTime": 1585498889533,
                "thinkTime": 0.0,
                "wastedTime": 0.06087923049926758
            },
            {
                "transactionName": "3_transaction_user_information",
                "rawStartTime": 1585498894706,
                "rawEndTime": 1585498894955,
                "thinkTime": 0.0,
                "wastedTime": 0.03503060340881348
            },
            {
                "transactionName": "4_transaction_login",
                "rawStartTime": 1585498900108,
                "rawEndTime": 1585498900493,
                "thinkTime": 0.0,
                "wastedTime": 0.07487845420837403
            },
            {
                "transactionName": "5_transaction_go_to_flights",
                "rawStartTime": 1585498905689,
                "rawEndTime": 1585498906031,
                "thinkTime": 0.0,
                "wastedTime": 0.054284095764160159
            },
            {
                "transactionName": "6_transaction_flight_information",
                "rawStartTime": 1585498911193,
                "rawEndTime": 1585498911474,
                "thinkTime": 0.0,
                "wastedTime": 0.05871725082397461
            },
            {
                "transactionName": "7_transaction_choose_flight",
                "rawStartTime": 1585498916623,
                "rawEndTime": 1585498916869,
                "thinkTime": 0.0,
                "wastedTime": 0.03495383262634277
            },
            {
                "transactionName": "8_transaction_payment",
                "rawStartTime": 1585498922004,
                "rawEndTime": 1585498922263,
                "thinkTime": 0.0,
                "wastedTime": 0.051606178283691409
            },
            {
                "transactionName": "the_third",
                "rawStartTime": 1585498883514,
                "rawEndTime": 1585498922396,
                "thinkTime": 35.00411700000001,
                "wastedTime": 0.5868339538574219
            }
        ]
    }
]