[
    {
        "actionName": "Action",
        "steps": [
            {
                "stepId": "STEP1",
                "stepName": "Url: welcome.pl",
                "infFile": "t2.inf",
                "time": 1586941533868
            },
            {
                "stepId": "STEP2",
                "stepName": "Submit Data: login.pl",
                "infFile": "t3.inf",
                "time": 1586941539362
            },
            {
                "stepId": "STEP3",
                "stepName": "Url: Search Flights Button",
                "infFile": "t4.inf",
                "time": 1586941544838
            },
            {
                "stepId": "STEP4",
                "stepName": "Submit Data: reservations.pl",
                "infFile": "t5.inf",
                "time": 1586941550163
            }
        ],
        "transactions": [
            {
                "transactionName": "1_transaction_go_to_link",
                "rawStartTime": 1586941533385,
                "rawEndTime": 1586941533871,
                "thinkTime": 0.0,
                "wastedTime": 0.1485583782196045
            },
            {
                "transactionName": "2_transaction_login",
                "rawStartTime": 1586941539001,
                "rawEndTime": 1586941539364,
                "thinkTime": 0.0,
                "wastedTime": 0.009317398071289063
            },
            {
                "transactionName": "3_transaction_go_to_flights",
                "rawStartTime": 1586941544481,
                "rawEndTime": 1586941544839,
                "thinkTime": 0.0,
                "wastedTime": 0.007317066192626953
            },
            {
                "transactionName": "4_transaction_flight_information",
                "rawStartTime": 1586941549950,
                "rawEndTime": 1586941550164,
                "thinkTime": 0.0,
                "wastedTime": 0.005868673324584961
            },
            {
                "transactionName": "4_without_buy_and_without_sign_off",
                "rawStartTime": 1586941533318,
                "rawEndTime": 1586941550268,
                "thinkTime": 15.002758,
                "wastedTime": 0.17106151580810548
            }
        ]
    }
]