[
    {
        "actionName": "Action",
        "steps": [
            {
                "stepId": "STEP1",
                "stepName": "Url: welcome.pl",
                "infFile": "t1.inf",
                "time": 1586108222258
            },
            {
                "stepId": "STEP2",
                "stepName": "Submit Data: login.pl_3",
                "infFile": "t2.inf",
                "time": 1586108222648
            },
            {
                "stepId": "STEP3",
                "stepName": "Url: Search Flights Button",
                "infFile": "t3.inf",
                "time": 1586108223175
            },
            {
                "stepId": "STEP4",
                "stepName": "Submit Data: reservations.pl",
                "infFile": "t4.inf",
                "time": 1586108223616
            }
        ],
        "transactions": [
            {
                "transactionName": "1_transaction_go_to_link",
                "rawStartTime": 1586108221688,
                "rawEndTime": 1586108222260,
                "thinkTime": 0.0,
                "wastedTime": 0.25580334663391116
            },
            {
                "transactionName": "2_transaction_login",
                "rawStartTime": 1586108222429,
                "rawEndTime": 1586108222649,
                "thinkTime": 0.0,
                "wastedTime": 0.03301739692687988
            },
            {
                "transactionName": "3_transaction_go_to_flights",
                "rawStartTime": 1586108222792,
                "rawEndTime": 1586108223177,
                "thinkTime": 0.0,
                "wastedTime": 0.08069658279418946
            },
            {
                "transactionName": "4_transaction_flight_information",
                "rawStartTime": 1586108223362,
                "rawEndTime": 1586108223618,
                "thinkTime": 0.0,
                "wastedTime": 0.030811786651611329
            },
            {
                "transactionName": "4_without_buy_and_without_sign_off",
                "rawStartTime": 1586108221615,
                "rawEndTime": 1586108223769,
                "thinkTime": 0.0,
                "wastedTime": 0.4003291130065918
            }
        ]
    }
]