{"OutputFileHashSum":"E7C28F0A35AECE9D793D7AB26D722D331FCD5F36705F758BC011F0D709E81AAA","Converted":true,"OutputModifyDate":"2020-03-24T11:08:03.7026694Z","Metadatas":[{"CategoryName":"VuGen.Replay","Offset":3048,"Length":23,"TypeId":1},{"CategoryName":"VuGen.Replay","Offset":3174,"Length":55,"TypeId":2},{"CategoryName":"VuGen.Replay","Offset":3362,"Length":70,"TypeId":2},{"CategoryName":"VuGen.Replay","Offset":19036,"Length":129,"TypeId":2},{"CategoryName":"VuGen.Replay","Offset":19300,"Length":68,"TypeId":2},{"CategoryName":"VuGen.Replay","Offset":54097,"Length":126,"TypeId":2},{"CategoryName":"VuGen.Replay","Offset":54358,"Length":77,"TypeId":2},{"CategoryName":"VuGen.Replay","Offset":54899,"Length":76,"TypeId":3},{"CategoryName":"VuGen.Replay","Offset":54975,"Length":78,"TypeId":3},{"CategoryName":"VuGen.Replay","Offset":55053,"Length":78,"TypeId":3},{"CategoryName":"VuGen.Replay","Offset":61758,"Length":135,"TypeId":2},{"CategoryName":"VuGen.Replay","Offset":62028,"Length":69,"TypeId":2},{"CategoryName":"VuGen.Replay","Offset":82458,"Length":128,"TypeId":2},{"CategoryName":"VuGen.Replay","Offset":82723,"Length":75,"TypeId":2},{"CategoryName":"VuGen.Replay","Offset":104969,"Length":133,"TypeId":2},{"CategoryName":"VuGen.Replay","Offset":105239,"Length":80,"TypeId":2},{"CategoryName":"VuGen.Replay","Offset":105794,"Length":84,"TypeId":3},{"CategoryName":"VuGen.Replay","Offset":105878,"Length":84,"TypeId":3},{"CategoryName":"VuGen.Replay","Offset":114157,"Length":138,"TypeId":2},{"CategoryName":"VuGen.Replay","Offset":114295,"Length":115,"TypeId":2},{"CategoryName":"VuGen.Replay","Offset":114433,"Length":21,"TypeId":1}],"MetadataTypes":[{"CategoryName":"VuGen.Replay","MetadataTypeName":"HP.LR.Vugen.Iteration","Id":1},{"CategoryName":"VuGen.Replay","MetadataTypeName":"HP.LR.Vugen.NotifyTransaction","Id":2},{"CategoryName":"VuGen.Replay","MetadataTypeName":"HP.LR.Vugen.NotifyParameterSubstitution","Id":3}]}