[
    {
        "actionName": "Action",
        "steps": [
            {
                "stepId": "STEP1",
                "stepName": "Url: welcome.pl",
                "infFile": "t2.inf",
                "time": 1586859946657
            },
            {
                "stepId": "STEP2",
                "stepName": "Submit Data: login.pl_3",
                "infFile": "t3.inf",
                "time": 1586859947171
            },
            {
                "stepId": "STEP3",
                "stepName": "Url: Search Flights Button",
                "infFile": "t4.inf",
                "time": 1586859947699
            },
            {
                "stepId": "STEP4",
                "stepName": "Submit Data: reservations.pl",
                "infFile": "t5.inf",
                "time": 1586859948121
            },
            {
                "stepId": "STEP5",
                "stepName": "Submit Data: reservations.pl_2",
                "infFile": "t6.inf",
                "time": 1586859948510
            },
            {
                "stepId": "STEP6",
                "stepName": "Submit Data: reservations.pl_3",
                "infFile": "t7.inf",
                "time": 1586859948934
            },
            {
                "stepId": "STEP7",
                "stepName": "Submit Data: reservations.pl_4",
                "infFile": "t8.inf",
                "time": 1586859949389
            },
            {
                "stepId": "STEP8",
                "stepName": "Submit Data: reservations.pl_5",
                "infFile": "t9.inf",
                "time": 1586859949763
            },
            {
                "stepId": "STEP9",
                "stepName": "Submit Data: reservations.pl_6",
                "infFile": "t10.inf",
                "time": 1586859950185
            },
            {
                "stepId": "STEP10",
                "stepName": "Submit Data: reservations.pl_7",
                "infFile": "t11.inf",
                "time": 1586859950613
            },
            {
                "stepId": "STEP11",
                "stepName": "Url: Itinerary Button",
                "infFile": "t12.inf",
                "time": 1586859951233
            },
            {
                "stepId": "STEP12",
                "stepName": "Url: SignOff Button",
                "infFile": "t13.inf",
                "time": 1586859951799
            }
        ],
        "transactions": [
            {
                "transactionName": "1_transaction_go_to_link",
                "rawStartTime": 1586859946170,
                "rawEndTime": 1586859946658,
                "thinkTime": 0.0,
                "wastedTime": 0.18929147720336915
            },
            {
                "transactionName": "2_transaction_login",
                "rawStartTime": 1586859946805,
                "rawEndTime": 1586859947172,
                "thinkTime": 0.0,
                "wastedTime": 0.06472277641296387
            },
            {
                "transactionName": "3_transaction_go_to_flights",
                "rawStartTime": 1586859947333,
                "rawEndTime": 1586859947701,
                "thinkTime": 0.0,
                "wastedTime": 0.05875039100646973
            },
            {
                "transactionName": "4_transaction_flight_information",
                "rawStartTime": 1586859947854,
                "rawEndTime": 1586859948123,
                "thinkTime": 0.0,
                "wastedTime": 0.04624199867248535
            },
            {
                "transactionName": "5_transaction_choose_flight",
                "rawStartTime": 1586859948269,
                "rawEndTime": 1586859948512,
                "thinkTime": 0.0,
                "wastedTime": 0.04156041145324707
            },
            {
                "transactionName": "6_transaction_payment",
                "rawStartTime": 1586859948662,
                "rawEndTime": 1586859948936,
                "thinkTime": 0.0,
                "wastedTime": 0.0647890567779541
            },
            {
                "transactionName": "7_transaction_book_another",
                "rawStartTime": 1586859949082,
                "rawEndTime": 1586859949391,
                "thinkTime": 0.0,
                "wastedTime": 0.03502774238586426
            },
            {
                "transactionName": "8_transaction_second_flight_information",
                "rawStartTime": 1586859949524,
                "rawEndTime": 1586859949764,
                "thinkTime": 0.0,
                "wastedTime": 0.043100833892822269
            },
            {
                "transactionName": "9_transaction_choose_second_flight",
                "rawStartTime": 1586859949914,
                "rawEndTime": 1586859950187,
                "thinkTime": 0.0,
                "wastedTime": 0.06625819206237793
            },
            {
                "transactionName": "10_transaction_payment",
                "rawStartTime": 1586859950334,
                "rawEndTime": 1586859950616,
                "thinkTime": 0.0,
                "wastedTime": 0.05090188980102539
            },
            {
                "transactionName": "11_transaction_itinerary",
                "rawStartTime": 1586859950751,
                "rawEndTime": 1586859951235,
                "thinkTime": 0.0,
                "wastedTime": 0.10512256622314453
            },
            {
                "transactionName": "12_transaction_sign_off",
                "rawStartTime": 1586859951389,
                "rawEndTime": 1586859951800,
                "thinkTime": 0.0,
                "wastedTime": 0.07611632347106934
            },
            {
                "transactionName": "2_buy_two_tickets",
                "rawStartTime": 1586859946104,
                "rawEndTime": 1586859951956,
                "thinkTime": 0.0,
                "wastedTime": 0.841883659362793
            }
        ]
    }
]