[
    {
        "actionName": "Action",
        "steps": [
            {
                "stepId": "STEP1",
                "stepName": "Url: welcome.pl",
                "infFile": "t2.inf",
                "time": 1586107471538
            },
            {
                "stepId": "STEP2",
                "stepName": "Submit Data: login.pl_3",
                "infFile": "t3.inf",
                "time": 1586107472024
            }
        ],
        "transactions": [
            {
                "transactionName": "1_transaction_go_to_link",
                "rawStartTime": 1586107471017,
                "rawEndTime": 1586107471540,
                "thinkTime": 0.0,
                "wastedTime": 0.21567678451538087
            },
            {
                "transactionName": "2_transaction_login",
                "rawStartTime": 1586107471678,
                "rawEndTime": 1586107472025,
                "thinkTime": 0.0,
                "wastedTime": 0.06116318702697754
            },
            {
                "transactionName": "2_buy_two_tickets",
                "rawStartTime": 1586107470941,
                "rawEndTime": 1586107472025,
                "thinkTime": 0.0,
                "wastedTime": 0.2768399715423584
            }
        ]
    }
]