{"OutputFileHashSum":"12F8615C21FDFFB46676C657B9B945BF69F88811CF0D9306C004FAA9792D785C","Converted":true,"OutputModifyDate":"2020-03-29T18:37:57.9847043Z","Metadatas":[{"CategoryName":"VuGen.Replay","Offset":3148,"Length":23,"TypeId":1},{"CategoryName":"VuGen.Replay","Offset":3274,"Length":75,"TypeId":2},{"CategoryName":"VuGen.Replay","Offset":3482,"Length":70,"TypeId":2},{"CategoryName":"VuGen.Replay","Offset":4368,"Length":78,"TypeId":3},{"CategoryName":"VuGen.Replay","Offset":4446,"Length":74,"TypeId":3},{"CategoryName":"VuGen.Replay","Offset":4520,"Length":78,"TypeId":3},{"CategoryName":"VuGen.Replay","Offset":4598,"Length":74,"TypeId":3},{"CategoryName":"VuGen.Replay","Offset":17841,"Length":99,"TypeId":4},{"CategoryName":"VuGen.Replay","Offset":19976,"Length":129,"TypeId":2},{"CategoryName":"VuGen.Replay","Offset":20284,"Length":74,"TypeId":2},{"CategoryName":"VuGen.Replay","Offset":20423,"Length":78,"TypeId":3},{"CategoryName":"VuGen.Replay","Offset":20501,"Length":74,"TypeId":3},{"CategoryName":"VuGen.Replay","Offset":20575,"Length":78,"TypeId":3},{"CategoryName":"VuGen.Replay","Offset":20653,"Length":74,"TypeId":3},{"CategoryName":"VuGen.Replay","Offset":49490,"Length":132,"TypeId":2},{"CategoryName":"VuGen.Replay","Offset":49801,"Length":77,"TypeId":2},{"CategoryName":"VuGen.Replay","Offset":49953,"Length":78,"TypeId":3},{"CategoryName":"VuGen.Replay","Offset":50031,"Length":74,"TypeId":3},{"CategoryName":"VuGen.Replay","Offset":50494,"Length":78,"TypeId":3},{"CategoryName":"VuGen.Replay","Offset":50572,"Length":74,"TypeId":3},{"CategoryName":"VuGen.Replay","Offset":50646,"Length":78,"TypeId":3},{"CategoryName":"VuGen.Replay","Offset":50724,"Length":74,"TypeId":3},{"CategoryName":"VuGen.Replay","Offset":50798,"Length":76,"TypeId":3},{"CategoryName":"VuGen.Replay","Offset":50874,"Length":78,"TypeId":3},{"CategoryName":"VuGen.Replay","Offset":50952,"Length":78,"TypeId":3},{"CategoryName":"VuGen.Replay","Offset":58181,"Length":135,"TypeId":2},{"CategoryName":"VuGen.Replay","Offset":58495,"Length":66,"TypeId":2},{"CategoryName":"VuGen.Replay","Offset":58904,"Length":78,"TypeId":3},{"CategoryName":"VuGen.Replay","Offset":58982,"Length":74,"TypeId":3},{"CategoryName":"VuGen.Replay","Offset":59056,"Length":78,"TypeId":3},{"CategoryName":"VuGen.Replay","Offset":59134,"Length":74,"TypeId":3},{"CategoryName":"VuGen.Replay","Offset":59208,"Length":118,"TypeId":3},{"CategoryName":"VuGen.Replay","Offset":59326,"Length":76,"TypeId":3},{"CategoryName":"VuGen.Replay","Offset":59402,"Length":78,"TypeId":3},{"CategoryName":"VuGen.Replay","Offset":82534,"Length":125,"TypeId":2},{"CategoryName":"VuGen.Replay","Offset":82841,"Length":75,"TypeId":2},{"CategoryName":"VuGen.Replay","Offset":82995,"Length":79,"TypeId":3},{"CategoryName":"VuGen.Replay","Offset":83074,"Length":75,"TypeId":3},{"CategoryName":"VuGen.Replay","Offset":83149,"Length":79,"TypeId":3},{"CategoryName":"VuGen.Replay","Offset":83228,"Length":75,"TypeId":3},{"CategoryName":"VuGen.Replay","Offset":110031,"Length":133,"TypeId":2},{"CategoryName":"VuGen.Replay","Offset":110346,"Length":80,"TypeId":2},{"CategoryName":"VuGen.Replay","Offset":110502,"Length":79,"TypeId":3},{"CategoryName":"VuGen.Replay","Offset":110581,"Length":75,"TypeId":3},{"CategoryName":"VuGen.Replay","Offset":111054,"Length":79,"TypeId":3},{"CategoryName":"VuGen.Replay","Offset":111133,"Length":75,"TypeId":3},{"CategoryName":"VuGen.Replay","Offset":111208,"Length":79,"TypeId":3},{"CategoryName":"VuGen.Replay","Offset":111287,"Length":75,"TypeId":3},{"CategoryName":"VuGen.Replay","Offset":111362,"Length":84,"TypeId":3},{"CategoryName":"VuGen.Replay","Offset":111446,"Length":84,"TypeId":3},{"CategoryName":"VuGen.Replay","Offset":119357,"Length":138,"TypeId":2},{"CategoryName":"VuGen.Replay","Offset":119677,"Length":75,"TypeId":2},{"CategoryName":"VuGen.Replay","Offset":119835,"Length":79,"TypeId":3},{"CategoryName":"VuGen.Replay","Offset":119914,"Length":75,"TypeId":3},{"CategoryName":"VuGen.Replay","Offset":119989,"Length":79,"TypeId":3},{"CategoryName":"VuGen.Replay","Offset":120068,"Length":75,"TypeId":3},{"CategoryName":"VuGen.Replay","Offset":127234,"Length":133,"TypeId":2},{"CategoryName":"VuGen.Replay","Offset":127549,"Length":69,"TypeId":2},{"CategoryName":"VuGen.Replay","Offset":127701,"Length":79,"TypeId":3},{"CategoryName":"VuGen.Replay","Offset":127780,"Length":75,"TypeId":3},{"CategoryName":"VuGen.Replay","Offset":127855,"Length":79,"TypeId":3},{"CategoryName":"VuGen.Replay","Offset":127934,"Length":75,"TypeId":3},{"CategoryName":"VuGen.Replay","Offset":138791,"Length":127,"TypeId":2},{"CategoryName":"VuGen.Replay","Offset":139100,"Length":77,"TypeId":2},{"CategoryName":"VuGen.Replay","Offset":140299,"Length":79,"TypeId":3},{"CategoryName":"VuGen.Replay","Offset":140378,"Length":75,"TypeId":3},{"CategoryName":"VuGen.Replay","Offset":140453,"Length":79,"TypeId":3},{"CategoryName":"VuGen.Replay","Offset":140532,"Length":75,"TypeId":3},{"CategoryName":"VuGen.Replay","Offset":180878,"Length":135,"TypeId":2},{"CategoryName":"VuGen.Replay","Offset":181195,"Length":71,"TypeId":2},{"CategoryName":"VuGen.Replay","Offset":181338,"Length":79,"TypeId":3},{"CategoryName":"VuGen.Replay","Offset":181417,"Length":75,"TypeId":3},{"CategoryName":"VuGen.Replay","Offset":181492,"Length":79,"TypeId":3},{"CategoryName":"VuGen.Replay","Offset":181571,"Length":75,"TypeId":3},{"CategoryName":"VuGen.Replay","Offset":195464,"Length":129,"TypeId":2},{"CategoryName":"VuGen.Replay","Offset":195593,"Length":156,"TypeId":2},{"CategoryName":"VuGen.Replay","Offset":195772,"Length":21,"TypeId":1}],"MetadataTypes":[{"CategoryName":"VuGen.Replay","MetadataTypeName":"HP.LR.Vugen.Iteration","Id":1},{"CategoryName":"VuGen.Replay","MetadataTypeName":"HP.LR.Vugen.NotifyTransaction","Id":2},{"CategoryName":"VuGen.Replay","MetadataTypeName":"HP.LR.Vugen.NotifyParameterSubstitution","Id":3},{"CategoryName":"VuGen.Replay","MetadataTypeName":"HP.LR.Vugen.NotifySavingParameter","Id":4},{"CategoryName":"VuGen.Replay","MetadataTypeName":"Utt.Debugger.Error","Id":5},{"CategoryName":"VuGen.Replay","MetadataTypeName":"HP.LR.Vugen.NotifyAny","Id":6}]}