<?xml version="1.0" encoding="utf-8"?>
<VugenScriptMetadata>
  <ScriptName>the_first_buy_ticket_with_all</ScriptName>
  <Protocol>Web - HTTP/HTML</Protocol>
  <ActionFiles>
    <FileEntry Name="vuser_init.c" Filter="2" />
    <FileEntry Name="Action.c" Filter="2" />
    <FileEntry Name="vuser_end.c" Filter="2" />
  </ActionFiles>
  <GeneralFiles>
    <FileEntry Name="the_first_buy_ticket_with_all.usr" Filter="4" />
    <FileEntry Name="default.cfg" Filter="4" />
    <FileEntry Name="default.usp" Filter="4" />
    <FileEntry Name="the_first_buy_ticket_with_all.prm" Filter="2" />
    <FileEntry Name="globals.h" Filter="2" />
    <FileEntry Name="URL.dat" Filter="2" />
    <FileEntry Name="login.dat" Filter="2" />
    <FileEntry Name="Port.dat" Filter="2" />
    <FileEntry Name="password.dat" Filter="2" />
    <FileEntry Name="combined_the_first_buy_ticket_with_all.c" Filter="2" />
    <FileEntry Name="pre_cci.c" Filter="2" />
    <FileEntry Name="144452270440.idx" Filter="1" />
    <FileEntry Name="172366623440.idx" Filter="1" />
    <FileEntry Name="17236662344_6ao.757.idx" Filter="1" />
    <FileEntry Name="17236662344_9Ng.679.idx" Filter="1" />
    <FileEntry Name="17236662344_Akc.153.idx" Filter="1" />
    <FileEntry Name="17236662344_cpM.623.idx" Filter="1" />
    <FileEntry Name="17236662344_CPz.87.idx" Filter="1" />
    <FileEntry Name="17236662344_GOD.557.idx" Filter="1" />
    <FileEntry Name="17236662344_gp1.407.idx" Filter="1" />
    <FileEntry Name="17236662344_Gpq.721.idx" Filter="1" />
    <FileEntry Name="17236662344_h6J.445.idx" Filter="1" />
    <FileEntry Name="17236662344_iqa.155.idx" Filter="1" />
    <FileEntry Name="17236662344_IUz.373.idx" Filter="1" />
    <FileEntry Name="17236662344_JD8.681.idx" Filter="1" />
    <FileEntry Name="17236662344_k0Q.945.idx" Filter="1" />
    <FileEntry Name="17236662344_KfF.413.idx" Filter="1" />
    <FileEntry Name="17236662344_KJk.31.idx" Filter="1" />
    <FileEntry Name="17236662344_KJq.675.idx" Filter="1" />
    <FileEntry Name="17236662344_NVn.279.idx" Filter="1" />
    <FileEntry Name="17236662344_sI9.611.idx" Filter="1" />
    <FileEntry Name="17236662344_TeE.859.idx" Filter="1" />
    <FileEntry Name="17236662344_UBP.343.idx" Filter="1" />
    <FileEntry Name="182166708440.idx" Filter="1" />
    <FileEntry Name="85045418440.idx" Filter="1" />
    <FileEntry Name="8504541844_0go.860.idx" Filter="1" />
    <FileEntry Name="8504541844_0iM.722.idx" Filter="1" />
    <FileEntry Name="8504541844_3sv.32.idx" Filter="1" />
    <FileEntry Name="8504541844_hCq.758.idx" Filter="1" />
    <FileEntry Name="8504541844_j6S.156.idx" Filter="1" />
    <FileEntry Name="8504541844_K72.558.idx" Filter="1" />
    <FileEntry Name="8504541844_LNm.946.idx" Filter="1" />
    <FileEntry Name="8504541844_N4W.624.idx" Filter="1" />
    <FileEntry Name="8504541844_P8W.682.idx" Filter="1" />
    <FileEntry Name="8504541844_RA8.446.idx" Filter="1" />
    <FileEntry Name="8504541844_spB.680.idx" Filter="1" />
    <FileEntry Name="8504541844_sUF.280.idx" Filter="1" />
    <FileEntry Name="8504541844_ugV.88.idx" Filter="1" />
    <FileEntry Name="8504541844_vNF.344.idx" Filter="1" />
    <FileEntry Name="8504541844_WkY.676.idx" Filter="1" />
    <FileEntry Name="8504541844_zSR.374.idx" Filter="1" />
    <FileEntry Name="Bookmarks.xml" Filter="1" />
    <FileEntry Name="Breakpoints.xml" Filter="1" />
    <FileEntry Name="CompilerLogMetadata.xml" Filter="1" />
    <FileEntry Name="custom_body_variables.txt" Filter="1" />
    <FileEntry Name="depDate.dat" Filter="1" />
    <FileEntry Name="logfile.log" Filter="1" />
    <FileEntry Name="lrw_custom_body.h" Filter="1" />
    <FileEntry Name="mdrv.log" Filter="1" />
    <FileEntry Name="mdrv_cmd.txt" Filter="1" />
    <FileEntry Name="options.txt" Filter="1" />
    <FileEntry Name="output.bak" Filter="1" />
    <FileEntry Name="output.txt" Filter="1" />
    <FileEntry Name="OutputColoringDatabase.json" Filter="1" />
    <FileEntry Name="replay.har" Filter="1" />
    <FileEntry Name="ReplaySummaryReport.xml" Filter="1" />
    <FileEntry Name="retDate.dat" Filter="1" />
    <FileEntry Name="ScriptUploadMetadata.xml" Filter="1" />
    <FileEntry Name="shunra.shunra" Filter="1" />
    <FileEntry Name="the_first_buy_ticket_with_all.c.pickle" Filter="1" />
    <FileEntry Name="the_first_buy_ticket_with_all.ci" Filter="1" />
    <FileEntry Name="the_first_buy_ticket_with_all.prm.bak" Filter="1" />
    <FileEntry Name="ThumbnailsCache.tmp" Filter="1" />
    <FileEntry Name="UserTasks.xml" Filter="1" />
    <FileEntry Name="data\" Filter="1" />
    <FileEntry Name="result1\" Filter="1" />
  </GeneralFiles>
</VugenScriptMetadata>