[
    {
        "actionName": "Action",
        "steps": [
            {
                "stepId": "STEP1",
                "stepName": "Url: welcome.pl",
                "infFile": "t2.inf",
                "time": 1586860742504
            },
            {
                "stepId": "STEP2",
                "stepName": "Submit Data: login.pl_3",
                "infFile": "t3.inf",
                "time": 1586860743040
            },
            {
                "stepId": "STEP3",
                "stepName": "Url: Search Flights Button",
                "infFile": "t4.inf",
                "time": 1586860743623
            },
            {
                "stepId": "STEP4",
                "stepName": "Submit Data: reservations.pl",
                "infFile": "t5.inf",
                "time": 1586860744035
            },
            {
                "stepId": "STEP5",
                "stepName": "Url: SignOff Button",
                "infFile": "t6.inf",
                "time": 1586860744592
            }
        ],
        "transactions": [
            {
                "transactionName": "1_transaction_go_to_link",
                "rawStartTime": 1586860742010,
                "rawEndTime": 1586860742506,
                "thinkTime": 0.0,
                "wastedTime": 0.2020883560180664
            },
            {
                "transactionName": "2_transaction_login",
                "rawStartTime": 1586860742664,
                "rawEndTime": 1586860743042,
                "thinkTime": 0.0,
                "wastedTime": 0.0634763240814209
            },
            {
                "transactionName": "3_transaction_go_to_flights",
                "rawStartTime": 1586860743196,
                "rawEndTime": 1586860743625,
                "thinkTime": 0.0,
                "wastedTime": 0.1023244857788086
            },
            {
                "transactionName": "4_transaction_flight_information",
                "rawStartTime": 1586860743766,
                "rawEndTime": 1586860744037,
                "thinkTime": 0.0,
                "wastedTime": 0.045041561126708987
            },
            {
                "transactionName": "5_transaction_sign_off",
                "rawStartTime": 1586860744184,
                "rawEndTime": 1586860744594,
                "thinkTime": 0.0,
                "wastedTime": 0.0733644962310791
            },
            {
                "transactionName": "5_without_buy_with_sign_off",
                "rawStartTime": 1586860741931,
                "rawEndTime": 1586860744739,
                "thinkTime": 0.0,
                "wastedTime": 0.486295223236084
            }
        ]
    }
]