[
    {
        "actionName": "Action",
        "steps": [
            {
                "stepId": "STEP1",
                "stepName": "Url: welcome.pl",
                "infFile": "t2.inf",
                "time": 1586107970898
            },
            {
                "stepId": "STEP2",
                "stepName": "Submit Data: login.pl_3",
                "infFile": "t3.inf",
                "time": 1586107971430
            },
            {
                "stepId": "STEP3",
                "stepName": "Url: Search Flights Button",
                "infFile": "t4.inf",
                "time": 1586107971906
            },
            {
                "stepId": "STEP4",
                "stepName": "Submit Data: reservations.pl",
                "infFile": "t5.inf",
                "time": 1586107972302
            },
            {
                "stepId": "STEP5",
                "stepName": "Url: SignOff Button",
                "infFile": "t6.inf",
                "time": 1586107972771
            }
        ],
        "transactions": [
            {
                "transactionName": "1_transaction_go_to_link",
                "rawStartTime": 1586107970438,
                "rawEndTime": 1586107970899,
                "thinkTime": 0.0,
                "wastedTime": 0.19734668731689454
            },
            {
                "transactionName": "2_transaction_login",
                "rawStartTime": 1586107971052,
                "rawEndTime": 1586107971432,
                "thinkTime": 0.0,
                "wastedTime": 0.06861233711242676
            },
            {
                "transactionName": "3_transaction_go_to_flights",
                "rawStartTime": 1586107971569,
                "rawEndTime": 1586107971907,
                "thinkTime": 0.0,
                "wastedTime": 0.0643012523651123
            },
            {
                "transactionName": "4_transaction_flight_information",
                "rawStartTime": 1586107972065,
                "rawEndTime": 1586107972304,
                "thinkTime": 0.0,
                "wastedTime": 0.04118704795837402
            },
            {
                "transactionName": "5_transaction_sign_off",
                "rawStartTime": 1586107972441,
                "rawEndTime": 1586107972773,
                "thinkTime": 0.0,
                "wastedTime": 0.04665064811706543
            },
            {
                "transactionName": "5_without_buy_with_sign_off",
                "rawStartTime": 1586107970364,
                "rawEndTime": 1586107972904,
                "thinkTime": 0.0,
                "wastedTime": 0.41809797286987307
            }
        ]
    }
]