[
    {
        "actionName": "Action",
        "steps": [
            {
                "stepId": "STEP1",
                "stepName": "Url: welcome.pl",
                "infFile": "t2.inf",
                "time": 1584993275358
            },
            {
                "stepId": "STEP2",
                "stepName": "Url: login.pl",
                "infFile": "t3.inf",
                "time": 1584993275804
            },
            {
                "stepId": "STEP3",
                "stepName": "Submit Data: login.pl_2",
                "infFile": "t4.inf",
                "time": 1584993276183
            },
            {
                "stepId": "STEP4",
                "stepName": "Submit Data: login.pl_3",
                "infFile": "t5.inf",
                "time": 1584993276698
            },
            {
                "stepId": "STEP5",
                "stepName": "Url: Search Flights Button",
                "infFile": "t6.inf",
                "time": 1584993277145
            },
            {
                "stepId": "STEP6",
                "stepName": "Submit Data: reservations.pl",
                "infFile": "t7.inf",
                "time": 1584993277527
            },
            {
                "stepId": "STEP7",
                "stepName": "Submit Data: reservations.pl_2",
                "infFile": "t8.inf",
                "time": 1584993277960
            },
            {
                "stepId": "STEP8",
                "stepName": "Submit Data: reservations.pl_3",
                "infFile": "t9.inf",
                "time": 1584993278540
            },
            {
                "stepId": "STEP9",
                "stepName": "Submit Data: reservations.pl_4",
                "infFile": "t10.inf",
                "time": 1584993278946
            },
            {
                "stepId": "STEP10",
                "stepName": "Submit Data: reservations.pl_5",
                "infFile": "t11.inf",
                "time": 1584993279317
            },
            {
                "stepId": "STEP11",
                "stepName": "Submit Data: reservations.pl_6",
                "infFile": "t12.inf",
                "time": 1584993279671
            },
            {
                "stepId": "STEP12",
                "stepName": "Submit Data: reservations.pl_7",
                "infFile": "t13.inf",
                "time": 1584993280143
            },
            {
                "stepId": "STEP13",
                "stepName": "Url: Itinerary Button",
                "infFile": "t14.inf",
                "time": 1584993280690
            },
            {
                "stepId": "STEP14",
                "stepName": "Url: SignOff Button",
                "infFile": "t15.inf",
                "time": 1584993281125
            }
        ],
        "transactions": [
            {
                "transactionName": "1_transaction_go_to_link",
                "rawStartTime": 1584993274823,
                "rawEndTime": 1584993275360,
                "thinkTime": 0.0,
                "wastedTime": 0.26064038276672366
            },
            {
                "transactionName": "2_transaction_sign_up",
                "rawStartTime": 1584993275497,
                "rawEndTime": 1584993275806,
                "thinkTime": 0.0,
                "wastedTime": 0.06514644622802735
            },
            {
                "transactionName": "3_transaction_user_information",
                "rawStartTime": 1584993275924,
                "rawEndTime": 1584993276185,
                "thinkTime": 0.0,
                "wastedTime": 0.04508638381958008
            },
            {
                "transactionName": "4_transaction_login",
                "rawStartTime": 1584993276311,
                "rawEndTime": 1584993276699,
                "thinkTime": 0.0,
                "wastedTime": 0.07110381126403809
            },
            {
                "transactionName": "5_transaction_go_to_flights",
                "rawStartTime": 1584993276820,
                "rawEndTime": 1584993277146,
                "thinkTime": 0.0,
                "wastedTime": 0.06320905685424805
            },
            {
                "transactionName": "6_transaction_flight_information",
                "rawStartTime": 1584993277284,
                "rawEndTime": 1584993277529,
                "thinkTime": 0.0,
                "wastedTime": 0.054380178451538089
            },
            {
                "transactionName": "7_transaction_choose_flight",
                "rawStartTime": 1584993277666,
                "rawEndTime": 1584993277962,
                "thinkTime": 0.0,
                "wastedTime": 0.06254744529724121
            },
            {
                "transactionName": "8_transaction_payment",
                "rawStartTime": 1584993278142,
                "rawEndTime": 1584993278541,
                "thinkTime": 0.0,
                "wastedTime": 0.06358194351196289
            },
            {
                "transactionName": "9_transaction_book_another",
                "rawStartTime": 1584993278681,
                "rawEndTime": 1584993278948,
                "thinkTime": 0.0,
                "wastedTime": 0.03791165351867676
            },
            {
                "transactionName": "10_transaction_second_flight_information",
                "rawStartTime": 1584993279083,
                "rawEndTime": 1584993279319,
                "thinkTime": 0.0,
                "wastedTime": 0.03785586357116699
            },
            {
                "transactionName": "11_transaction_choose_second_flight",
                "rawStartTime": 1584993279440,
                "rawEndTime": 1584993279672,
                "thinkTime": 0.0,
                "wastedTime": 0.038388729095458987
            },
            {
                "transactionName": "12_transaction_payment",
                "rawStartTime": 1584993279818,
                "rawEndTime": 1584993280145,
                "thinkTime": 0.0,
                "wastedTime": 0.049016714096069339
            },
            {
                "transactionName": "13_transaction_itinerary",
                "rawStartTime": 1584993280291,
                "rawEndTime": 1584993280691,
                "thinkTime": 0.0,
                "wastedTime": 0.05975341796875
            },
            {
                "transactionName": "14_transaction_sign_off",
                "rawStartTime": 1584993280809,
                "rawEndTime": 1584993281127,
                "thinkTime": 0.0,
                "wastedTime": 0.053423404693603519
            },
            {
                "transactionName": "the_second",
                "rawStartTime": 1584993274732,
                "rawEndTime": 1584993281251,
                "thinkTime": 0.0,
                "wastedTime": 0.962045431137085
            }
        ]
    }
]